timestamp,open,high,low,close,volume,close_time,quote_av,trades,tb_base_av,tb_quote_av,ignore
2020-07-06,0.00297700,0.00325000,0.00287300,0.00300600,67746851.00000000,1594079999999,200993.96511500,1416,26389461.00000000,78537.88297800,0
2020-07-07,0.00299900,0.00326700,0.00294000,0.00308300,62345639.00000000,1594166399999,191922.06044900,1577,32977287.00000000,101706.27274100,0
2020-07-08,0.00308300,0.00419000,0.00304000,0.00392500,637228419.00000000,1594252799999,2327203.88270200,15673,253002441.00000000,924839.63560900,0
2020-07-09,0.00393000,0.00400000,0.00333600,0.00356700,378145962.00000000,1594339199999,1383873.74386700,8983,151485303.00000000,553217.83841500,0
2020-07-10,0.00356100,0.00356100,0.00319000,0.00338100,198208720.00000000,1594425599999,665738.41216300,5101,77669231.00000000,260886.70842700,0
2020-07-11,0.00339300,0.00385000,0.00331100,0.00352300,125219188.00000000,1594511999999,445007.57645300,4387,58303057.00000000,207714.59902300,0
2020-07-12,0.00351900,0.00359500,0.00325000,0.00348100,99774260.00000000,1594598399999,345808.19532700,2664,44885226.00000000,155518.03459700,0
2020-07-13,0.00348100,0.00353200,0.00333300,0.00334800,112486413.00000000,1594684799999,382929.77782100,3635,49993842.00000000,170012.03354000,0
2020-07-14,0.00334200,0.00348700,0.00325300,0.00332900,72144595.00000000,1594771199999,239910.05561100,2559,26573869.00000000,88545.11512100,0
2020-07-15,0.00332900,0.00354500,0.00332900,0.00347500,105798453.00000000,1594857599999,364544.52861600,3256,54327885.00000000,187640.23569600,0
2020-07-16,0.00348100,0.00371500,0.00319000,0.00333800,145930631.00000000,1594943999999,493270.05828400,4514,74853273.00000000,254327.47981100,0
2020-07-17,0.00333700,0.00338900,0.00326700,0.00330400,51934250.00000000,1595030399999,172237.38799100,1638,23136027.00000000,76846.77913100,0
2020-07-18,0.00330400,0.00353700,0.00326900,0.00345700,102849076.00000000,1595116799999,354887.49898900,3123,42109701.00000000,145317.38788600,0
2020-07-19,0.00346200,0.00352900,0.00334900,0.00340500,65374912.00000000,1595203199999,224879.75387600,2135,32002667.00000000,110574.48445600,0
2020-07-20,0.00340700,0.00344000,0.00332100,0.00335600,76165900.00000000,1595289599999,257850.13774400,2086,25854394.00000000,87556.65175400,0
2020-07-21,0.00335600,0.00340400,0.00326900,0.00328800,78037787.00000000,1595375999999,259128.29778900,2391,37394843.00000000,124400.38268800,0
2020-07-22,0.00328800,0.00331900,0.00322700,0.00329800,109373217.00000000,1595462399999,359256.89544700,2186,48965063.00000000,161129.52151900,0
2020-07-23,0.00329800,0.00331200,0.00320000,0.00324100,78652269.00000000,1595548799999,255987.91487200,2583,35411672.00000000,115486.37143700,0
2020-07-24,0.00324100,0.00327000,0.00301900,0.00314600,140111265.00000000,1595635199999,442328.90422300,3586,52360345.00000000,165114.01149200,0
2020-07-25,0.00315800,0.00329000,0.00308500,0.00314100,97168025.00000000,1595721599999,308995.23864900,3392,43323149.00000000,137959.82085500,0
2020-07-26,0.00315100,0.00319700,0.00308700,0.00313600,57609957.00000000,1595807999999,180328.18420700,2018,25332526.00000000,79470.20852400,0
2020-07-27,0.00312000,0.00370000,0.00288200,0.00307600,203362697.00000000,1595894399999,621585.57715900,4577,106234026.00000000,330800.39874600,0
2020-07-28,0.00304800,0.00315200,0.00289000,0.00309000,191896174.00000000,1595980799999,577833.63174600,3319,76065305.00000000,228874.44581700,0
2020-07-29,0.00309000,0.00334900,0.00300200,0.00318500,158517406.00000000,1596067199999,504041.42199300,3654,72208021.00000000,229494.57864700,0
2020-07-30,0.00316100,0.00324700,0.00306000,0.00314800,98023891.00000000,1596153599999,308890.85700300,2540,47592772.00000000,150214.86701100,0
2020-07-31,0.00316500,0.00319500,0.00299900,0.00303200,111979472.00000000,1596239999999,344489.61357600,2734,45391814.00000000,140327.63540100,0
2020-08-01,0.00303800,0.00332000,0.00300200,0.00328800,238033234.00000000,1596326399999,755513.14223700,4656,115094149.00000000,365392.93398800,0
2020-08-02,0.00329000,0.00336900,0.00300900,0.00315800,143628375.00000000,1596412799999,460184.76789400,3808,66426195.00000000,213689.84277200,0
2020-08-03,0.00315500,0.00324400,0.00311500,0.00313000,93527358.00000000,1596499199999,296445.38400900,2029,35895014.00000000,114015.02878700,0
2020-08-04,0.00313300,0.00319300,0.00310000,0.00315000,76095443.00000000,1596585599999,239173.05226800,1544,35112303.00000000,110542.66172600,0
2020-08-05,0.00316900,0.00321600,0.00312300,0.00320000,68974432.00000000,1596671999999,219497.68275900,1906,35163931.00000000,112088.19062900,0
2020-08-06,0.00320000,0.00323700,0.00314600,0.00321600,76685363.00000000,1596758399999,244320.56340100,1920,37110613.00000000,118497.02771300,0
2020-08-07,0.00321700,0.00325000,0.00309000,0.00318300,102685987.00000000,1596844799999,327408.07105000,2183,50797037.00000000,162225.41976100,0
2020-08-08,0.00317000,0.00323000,0.00311200,0.00320000,84835320.00000000,1596931199999,268972.82428200,2076,42071401.00000000,133666.31800900,0
2020-08-09,0.00320500,0.00328000,0.00310100,0.00325800,158332079.00000000,1597017599999,508380.54616400,3356,71274982.00000000,229722.45191900,0
2020-08-10,0.00325800,0.00364000,0.00319100,0.00353900,283717681.00000000,1597103999999,954795.97064300,5780,152832157.00000000,516326.96716400,0
2020-08-11,0.00354900,0.00362000,0.00310000,0.00325700,261581941.00000000,1597190399999,889922.24604200,5682,98271304.00000000,336087.34550300,0
2020-08-12,0.00326400,0.00332200,0.00316300,0.00331300,105808444.00000000,1597276799999,343651.60988400,2510,50130109.00000000,163163.48788400,0
2020-08-13,0.00331800,0.00339000,0.00323000,0.00338300,148864700.00000000,1597363199999,492579.87199500,4109,68378169.00000000,226754.95463600,0
2020-08-14,0.00338500,0.00340300,0.00329700,0.00340300,122100816.00000000,1597449599999,408647.77428400,3008,48783505.00000000,163725.75107900,0
2020-08-15,0.00338800,0.00376200,0.00333800,0.00355600,310305973.00000000,1597535999999,1082165.50978800,5323,128517203.00000000,453075.28289200,0
2020-08-16,0.00357000,0.00370000,0.00349400,0.00369800,194188323.00000000,1597622399999,698601.82227800,4805,89892610.00000000,324542.40582500,0
2020-08-17,0.00367800,0.00413900,0.00365100,0.00377700,351073238.00000000,1597708799999,1357832.76240600,8891,179285975.00000000,694765.77624300,0
2020-08-18,0.00375800,0.00389500,0.00352400,0.00366200,197059146.00000000,1597795199999,732412.16695500,4174,86044608.00000000,320480.26419700,0
2020-08-19,0.00365500,0.00380000,0.00343900,0.00345900,131440953.00000000,1597881599999,465909.61809600,2685,51211624.00000000,182451.35535500,0
2020-08-20,0.00345900,0.00370600,0.00341100,0.00367800,83966826.00000000,1597967999999,298428.25885600,2224,45994449.00000000,164114.43478200,0
2020-08-21,0.00367800,0.00398800,0.00346200,0.00370800,284884143.00000000,1598054399999,1078576.06741000,7267,141807304.00000000,537919.73610000,0
2020-08-22,0.00370800,0.00389900,0.00352100,0.00381100,130109347.00000000,1598140799999,482752.38038400,3438,73592052.00000000,273854.06153600,0
2020-08-23,0.00382900,0.00452100,0.00373000,0.00432300,348817316.00000000,1598227199999,1424106.35934200,8445,178323105.00000000,728986.74389300,0
2020-08-24,0.00432300,0.00460000,0.00403000,0.00407100,417349502.00000000,1598313599999,1792629.00920800,8459,185787389.00000000,797936.66711800,0
2020-08-25,0.00405700,0.00412400,0.00356800,0.00369900,285177088.00000000,1598399999999,1095831.91588900,6011,131868914.00000000,506904.79871500,0
2020-08-26,0.00369600,0.00429500,0.00365400,0.00424900,317670040.00000000,1598486399999,1275183.35751300,8099,175684290.00000000,706180.95385100,0
2020-08-27,0.00424900,0.00440000,0.00370100,0.00384300,348247116.00000000,1598572799999,1402766.09424500,7040,159433607.00000000,644213.24157800,0
2020-08-28,0.00385200,0.00454000,0.00382000,0.00449000,648207574.00000000,1598659199999,2731225.10645600,10119,384668224.00000000,1616578.95633600,0
2020-08-29,0.00449000,0.00507100,0.00445000,0.00486500,1060974343.00000000,1598745599999,5095738.00761800,19365,501902043.00000000,2411219.34314000,0
2020-08-30,0.00486500,0.00495000,0.00448900,0.00460100,426031987.00000000,1598831999999,1973186.06046500,7569,213360615.00000000,989579.28713000,0
2020-08-31,0.00460100,0.00490000,0.00453200,0.00456100,277478187.00000000,1598918399999,1301129.03564500,6360,146015664.00000000,685541.67910200,0
2020-09-01,0.00455900,0.00471200,0.00425000,0.00440100,294243344.00000000,1599004799999,1302051.05984000,6494,145023231.00000000,643095.90629400,0
2020-09-02,0.00442900,0.00448600,0.00393100,0.00416600,261019007.00000000,1599091199999,1100769.39978500,4761,109187076.00000000,457370.19946200,0
2020-09-03,0.00417300,0.00420000,0.00334600,0.00344100,346825195.00000000,1599177599999,1321182.20644300,6839,180207756.00000000,692104.54600600,0
2020-09-04,0.00340500,0.00404700,0.00334600,0.00373800,378763123.00000000,1599263999999,1380721.08424400,7359,177137625.00000000,643145.25646600,0
2020-09-05,0.00373700,0.00385000,0.00320300,0.00328200,296353918.00000000,1599350399999,1034084.34377200,5505,125731190.00000000,440013.41710900,0
2020-09-06,0.00328300,0.00344900,0.00313100,0.00331800,163485571.00000000,1599436799999,538267.43766700,3560,70151470.00000000,231201.26338600,0
2020-09-07,0.00332000,0.00353500,0.00300000,0.00332000,213528292.00000000,1599523199999,682713.29923700,4248,99811753.00000000,322640.20895900,0
2020-09-08,0.00334000,0.00335400,0.00305900,0.00316500,128559226.00000000,1599609599999,411549.32062000,2468,51135034.00000000,163798.34932200,0
2020-09-09,0.00316400,0.00337300,0.00309500,0.00332300,80373789.00000000,1599695999999,260214.63521200,1601,41441521.00000000,134711.76012800,0
2020-09-10,0.00332300,0.00355700,0.00330800,0.00344600,84294836.00000000,1599782399999,289422.88440300,2431,42154180.00000000,144948.09891300,0
2020-09-11,0.00344600,0.00353300,0.00332000,0.00352400,96413484.00000000,1599868799999,333898.66122500,1955,50916464.00000000,176693.26003900,0
2020-09-12,0.00352200,0.00353500,0.00340000,0.00347800,73296998.00000000,1599955199999,252585.10717800,1501,41679489.00000000,143819.86227700,0
2020-09-13,0.00347700,0.00351800,0.00326600,0.00331400,46294751.00000000,1600041599999,156729.42641800,1356,17320611.00000000,58818.13144000,0
2020-09-14,0.00331300,0.00351800,0.00323400,0.00348300,95922544.00000000,1600127999999,327167.35777100,2031,40938714.00000000,139737.53129000,0
2020-09-15,0.00346300,0.00358900,0.00327300,0.00330600,110862323.00000000,1600214399999,382160.53518300,2634,58034759.00000000,201165.89098100,0
2020-09-16,0.00330700,0.00336000,0.00321100,0.00330300,50964043.00000000,1600300799999,167325.91570300,1400,24816521.00000000,81548.85769800,0
2020-09-17,0.00332800,0.00346000,0.00307600,0.00318100,131567364.00000000,1600387199999,428728.94053100,2221,66298945.00000000,216502.67286700,0
2020-09-18,0.00318000,0.00327000,0.00304500,0.00311100,98516387.00000000,1600473599999,309459.75650300,1841,40456085.00000000,127355.86892200,0
2020-09-19,0.00311300,0.00314700,0.00296400,0.00304300,174368643.00000000,1600559999999,529645.72318000,2152,67614883.00000000,206175.85232800,0
2020-09-20,0.00303700,0.00304900,0.00289700,0.00296700,100972527.00000000,1600646399999,299105.38577500,2136,40173032.00000000,119131.32493900,0
2020-09-21,0.00297000,0.00309200,0.00242600,0.00259800,172275753.00000000,1600732799999,462043.20680500,3142,67264274.00000000,181305.16292700,0
2020-09-22,0.00259700,0.00270600,0.00249100,0.00269300,70144164.00000000,1600819199999,183947.82197400,1505,33515918.00000000,88414.32536500,0
2020-09-23,0.00269300,0.00272000,0.00244600,0.00249100,101685076.00000000,1600905599999,263057.74187200,1772,39184592.00000000,101524.10973200,0
2020-09-24,0.00248100,0.00264900,0.00243000,0.00264000,46198248.00000000,1600991999999,116159.02555300,1144,22341884.00000000,56356.57301100,0
2020-09-25,0.00263800,0.00280000,0.00258500,0.00274600,77767053.00000000,1601078399999,209052.26101500,1461,51636390.00000000,138674.96777400,0
2020-09-26,0.00276600,0.00281200,0.00271000,0.00274800,54800024.00000000,1601164799999,150845.94244500,869,24089371.00000000,66433.05838900,0
2020-09-27,0.00276800,0.00279200,0.00267200,0.00273400,59744565.00000000,1601251199999,162904.06297900,876,25017305.00000000,68674.82590500,0
2020-09-28,0.00273100,0.00292000,0.00271700,0.00283400,155669954.00000000,1601337599999,439745.54200700,2727,71976280.00000000,203558.94975500,0
2020-09-29,0.00283600,0.00312800,0.00283600,0.00303500,273595205.00000000,1601423999999,822625.12337900,5344,120827372.00000000,363323.38126200,0
2020-09-30,0.00303700,0.00328000,0.00303700,0.00307400,151209042.00000000,1601510399999,473524.97549700,3177,75636923.00000000,237618.17004100,0
2020-10-01,0.00307400,0.00314100,0.00275700,0.00287100,154013855.00000000,1601596799999,453505.03812000,2461,71107625.00000000,210836.18613200,0
2020-10-02,0.00289700,0.00293900,0.00264000,0.00283800,106730843.00000000,1601683199999,295001.19124900,2212,49791930.00000000,137652.94157800,0
2020-10-03,0.00282300,0.00284900,0.00273800,0.00276000,26050559.00000000,1601769599999,72922.64957000,781,11513980.00000000,32326.32751800,0
2020-10-04,0.00275900,0.00276900,0.00266300,0.00275900,41529148.00000000,1601855999999,113017.65781800,988,16348956.00000000,44491.07846900,0
2020-10-05,0.00276000,0.00286400,0.00274000,0.00282700,60894714.00000000,1601942399999,170542.90618200,1418,30485393.00000000,85369.91683400,0
2020-10-06,0.00283000,0.00283700,0.00263100,0.00263500,54175317.00000000,1602028799999,146456.53581100,1194,22798126.00000000,61668.72490600,0
2020-10-07,0.00263800,0.00269900,0.00261600,0.00268400,30955045.00000000,1602115199999,81997.55645300,810,13744427.00000000,36424.95182600,0
2020-10-08,0.00268400,0.00284700,0.00262400,0.00284300,44413847.00000000,1602201599999,121584.00345200,1286,24046537.00000000,65996.95163900,0
2020-10-09,0.00284300,0.00300400,0.00277400,0.00295500,87260239.00000000,1602287999999,253137.75190700,1788,54253626.00000000,156644.24331300,0
2020-10-10,0.00297200,0.00333500,0.00295900,0.00322600,264820368.00000000,1602374399999,853106.58376200,4668,97287605.00000000,309212.76649500,0
2020-10-11,0.00322600,0.00331000,0.00315100,0.00326000,93634586.00000000,1602460799999,301728.20697900,1796,41437417.00000000,133597.58349600,0
2020-10-12,0.00325300,0.00327100,0.00312500,0.00316500,92842413.00000000,1602547199999,296838.11304200,1950,38846993.00000000,124188.90185700,0
2020-10-13,0.00316800,0.00330000,0.00313200,0.00322600,79055084.00000000,1602633599999,254647.81963100,1741,44745932.00000000,144370.99422600,0
2020-10-14,0.00321900,0.00328500,0.00302000,0.00308400,63601961.00000000,1602719999999,200276.12774200,1561,28486109.00000000,89756.63711400,0
2020-10-15,0.00308800,0.00309000,0.00285100,0.00288300,171688273.00000000,1602806399999,505774.93370100,2486,59165012.00000000,174951.25252100,0
2020-10-16,0.00287500,0.00291300,0.00278100,0.00280800,97570264.00000000,1602892799999,277388.99690500,4305,52151239.00000000,148475.51524400,0
2020-10-17,0.00281200,0.00290000,0.00275600,0.00290000,48501041.00000000,1602979199999,138157.51172600,3601,23715678.00000000,67592.55813400,0
2020-10-18,0.00290000,0.00295400,0.00286000,0.00293700,37667503.00000000,1603065599999,109502.75322800,812,24651886.00000000,71797.58098900,0
2020-10-19,0.00293600,0.00295300,0.00277900,0.00279000,53857294.00000000,1603151999999,152538.63170600,1167,16295416.00000000,46251.00887800,0
2020-10-20,0.00279000,0.00281300,0.00248500,0.00256900,192602108.00000000,1603238399999,510928.61893000,3574,74041789.00000000,195405.48190400,0
2020-10-21,0.00256500,0.00280300,0.00252400,0.00272100,144265158.00000000,1603324799999,384017.17229800,3321,64547720.00000000,172747.73282000,0
2020-10-22,0.00272100,0.00290200,0.00270600,0.00277800,53025011.00000000,1603411199999,148693.22705200,1830,29372813.00000000,82552.99855100,0
2020-10-23,0.00277800,0.00281400,0.00265100,0.00272900,84499321.00000000,1603497599999,231621.19177300,2682,45633794.00000000,125220.84217500,0
2020-10-24,0.00272900,0.00279700,0.00270500,0.00276900,29449594.00000000,1603583999999,81060.62691600,920,13357936.00000000,36811.38552900,0
2020-10-25,0.00277000,0.00284200,0.00267400,0.00268700,60234731.00000000,1603670399999,165294.12620600,1525,29618094.00000000,81392.45577200,0
2020-10-26,0.00268700,0.00276800,0.00249500,0.00260000,98354032.00000000,1603756799999,258219.55601000,2415,38971815.00000000,102900.94640300,0
2020-10-27,0.00260100,0.00263500,0.00256300,0.00262800,64065219.00000000,1603843199999,166220.99562100,1533,33240995.00000000,86360.34328600,0
2020-10-28,0.00263400,0.00274900,0.00247200,0.00251900,129295872.00000000,1603929599999,334649.64084300,2563,67207418.00000000,173969.55781500,0
2020-10-29,0.00251300,0.00260000,0.00243500,0.00257000,87093022.00000000,1604015999999,218174.43055500,2320,40965413.00000000,102880.14275600,0
2020-10-30,0.00256400,0.00259800,0.00242000,0.00249300,51897132.00000000,1604102399999,129528.30335900,1490,26147519.00000000,65314.38165000,0
2020-10-31,0.00248400,0.00255600,0.00244200,0.00247000,83044390.00000000,1604188799999,207318.19159200,1781,55998825.00000000,139824.65371600,0
2020-11-01,0.00247800,0.00251500,0.00245000,0.00248700,89889103.00000000,1604275199999,222788.23776200,1435,70478905.00000000,174676.33738200,0
2020-11-02,0.00248300,0.00250600,0.00234000,0.00237400,98058627.00000000,1604361599999,236320.49522000,2141,48648640.00000000,117320.74994000,0
2020-11-03,0.00237200,0.00238600,0.00229100,0.00236800,54056185.00000000,1604447999999,126827.81711800,1472,26112051.00000000,61404.34247700,0
2020-11-04,0.00236900,0.00248000,0.00232300,0.00237000,92548241.00000000,1604534399999,220294.72612000,2551,49680397.00000000,118427.52656300,0
2020-11-05,0.00237600,0.00251800,0.00235700,0.00250200,76361874.00000000,1604620799999,186375.50123600,1867,35557295.00000000,86995.23274600,0
2020-11-06,0.00250200,0.00269900,0.00246400,0.00259800,240514487.00000000,1604707199999,621149.41919200,4659,147480604.00000000,380443.27837800,0
2020-11-07,0.00259600,0.00280900,0.00247800,0.00252400,198095994.00000000,1604793599999,517070.69032300,4688,125936493.00000000,327385.47766000,0
2020-11-08,0.00251400,0.00269900,0.00250100,0.00266500,86431976.00000000,1604879999999,227304.21351200,2445,41125218.00000000,108191.34050900,0
2020-11-09,0.00268600,0.00269200,0.00251700,0.00259800,73099232.00000000,1604966399999,189863.62035900,2088,34032405.00000000,88612.85454700,0
2020-11-10,0.00259800,0.00273000,0.00256600,0.00269200,61801765.00000000,1605052799999,164583.10257600,1915,33811627.00000000,90250.10425600,0
2020-11-11,0.00269300,0.00277400,0.00268300,0.00272100,58068246.00000000,1605139199999,158826.34078500,1830,30688517.00000000,83963.62391200,0
2020-11-12,0.00272100,0.00273300,0.00261100,0.00265300,46027376.00000000,1605225599999,123123.36324500,1763,25831608.00000000,69279.90835100,0
2020-11-13,0.00264800,0.00272900,0.00264700,0.00272000,46340158.00000000,1605311999999,124519.27727200,1750,22154424.00000000,59598.05475900,0
2020-11-14,0.00272000,0.00272900,0.00261500,0.00267600,34657164.00000000,1605398399999,92387.34834700,1165,18697698.00000000,49910.38750300,0
2020-11-15,0.00267700,0.00276000,0.00260000,0.00262500,113978195.00000000,1605484799999,304462.26945000,1940,63130498.00000000,168309.96276100,0
2020-11-16,0.00263400,0.00273500,0.00260800,0.00272800,75197765.00000000,1605571199999,200840.55975000,1655,35750183.00000000,95580.86103400,0
2020-11-17,0.00272300,0.00281900,0.00250200,0.00272700,135532393.00000000,1605657599999,369535.29092200,3002,67434183.00000000,185199.55976700,0
2020-11-18,0.00273400,0.00277300,0.00261600,0.00270500,95317340.00000000,1605743999999,257907.39324600,2984,52850648.00000000,143006.16927800,0
2020-11-19,0.00269100,0.00272200,0.00256700,0.00267500,75609342.00000000,1605830399999,201896.37950300,2672,35500297.00000000,94975.48264400,0
2020-11-20,0.00267600,0.00277500,0.00265900,0.00270600,112173048.00000000,1605916799999,303503.13164000,2611,54346521.00000000,147402.06070900,0
2020-11-21,0.00271600,0.00309000,0.00269900,0.00304800,163979541.00000000,1606003199999,478827.49413000,5451,88340374.00000000,257664.30479900,0
2020-11-22,0.00305100,0.00310000,0.00280800,0.00298700,113506277.00000000,1606089599999,337338.58554100,4086,52266057.00000000,155729.09729200,0
2020-11-23,0.00301300,0.00311700,0.00291500,0.00309200,114230378.00000000,1606175999999,345187.50185500,3615,52080278.00000000,157695.60871900,0
2020-11-24,0.00308400,0.00408900,0.00307900,0.00386500,785216692.00000000,1606262399999,2813915.20713300,21136,374323111.00000000,1334349.72842700,0
2020-11-25,0.00384500,0.00411100,0.00345600,0.00365500,565102778.00000000,1606348799999,2154819.89441900,17900,272623295.00000000,1045640.04589100,0
2020-11-26,0.00364800,0.00379200,0.00280100,0.00304400,291442577.00000000,1606435199999,922069.32689200,7770,122932773.00000000,390006.58699800,0
2020-11-27,0.00304400,0.00310000,0.00278700,0.00298900,154341716.00000000,1606521599999,455914.61135200,4625,73883082.00000000,218777.64844400,0
2020-11-28,0.00299700,0.00325800,0.00290300,0.00323000,224566546.00000000,1606607999999,695322.63130500,5665,96374886.00000000,298055.23764700,0
2020-11-29,0.00323000,0.00330000,0.00314900,0.00320300,82408755.00000000,1606694399999,264784.60541300,2860,42139257.00000000,135398.83986800,0
2020-11-30,0.00320200,0.00339500,0.00319600,0.00337400,136312834.00000000,1606780799999,448248.51154800,4571,62285031.00000000,205711.61325500,0
2020-12-01,0.00337900,0.00353400,0.00318000,0.00331400,148060599.00000000,1606867199999,497641.12190700,5294,72337863.00000000,243745.81572100,0
2020-12-02,0.00331300,0.00347700,0.00327800,0.00345700,123802402.00000000,1606953599999,420536.73585100,4455,60688299.00000000,206515.97779600,0
2020-12-03,0.00344200,0.00352400,0.00338600,0.00344400,113733825.00000000,1607039999999,391458.11173300,3761,58550982.00000000,202184.57675700,0
2020-12-04,0.00346800,0.00399600,0.00324400,0.00357800,862733365.00000000,1607126399999,3206289.93472200,19576,410449046.00000000,1528614.51461900,0
2020-12-05,0.00354200,0.00373900,0.00337400,0.00373500,179535757.00000000,1607212799999,637934.14690200,6410,97366808.00000000,347016.41606600,0
2020-12-06,0.00371900,0.00372100,0.00347600,0.00361400,74644625.00000000,1607299199999,268436.90355600,3225,37708858.00000000,135332.50991900,0
2020-12-07,0.00361900,0.00362900,0.00345000,0.00350600,94740652.00000000,1607385599999,333792.46482900,2946,53623022.00000000,188905.22710000,0
2020-12-08,0.00352800,0.00354300,0.00320800,0.00329800,90449113.00000000,1607471999999,305397.60309200,3036,38674754.00000000,131153.12162700,0
2020-12-09,0.00330100,0.00332100,0.00306900,0.00328700,87797642.00000000,1607558399999,280731.07250700,3210,36000097.00000000,115448.41637800,0
2020-12-10,0.00328700,0.00339000,0.00309500,0.00321400,84209080.00000000,1607644799999,270183.29949400,2516,37613217.00000000,121239.08861600,0
2020-12-11,0.00318800,0.00318800,0.00299800,0.00305800,74106956.00000000,1607731199999,227354.94428100,2523,22677340.00000000,69676.35475300,0
2020-12-12,0.00307400,0.00334200,0.00307400,0.00324600,80976297.00000000,1607817599999,258244.69197700,3337,42988244.00000000,137378.89849000,0
2020-12-13,0.00324500,0.00331900,0.00318400,0.00327000,66611602.00000000,1607903999999,216999.40672300,3065,36136185.00000000,117947.52168500,0
2020-12-14,0.00327900,0.00338600,0.00320000,0.00325800,66438358.00000000,1607990399999,216929.30888900,2909,38264146.00000000,125316.08419400,0
2020-12-15,0.00325800,0.00329900,0.00319100,0.00325000,41365299.00000000,1608076799999,134171.68856400,2425,18203711.00000000,59058.78862500,0
2020-12-16,0.00324200,0.00359000,0.00300600,0.00341900,188681679.00000000,1608163199999,617895.48224400,5653,92349215.00000000,305125.90090000,0
2020-12-17,0.00341800,0.00369900,0.00333000,0.00353100,216783862.00000000,1608249599999,753666.95930000,8834,116859069.00000000,407330.41855100,0
2020-12-18,0.00354500,0.00362900,0.00339000,0.00360800,135068437.00000000,1608335999999,476047.25392100,6797,60661959.00000000,214107.25253900,0
2020-12-19,0.00361300,0.00372600,0.00357000,0.00362700,159581469.00000000,1608422399999,583988.95886600,6474,77237890.00000000,282834.45440200,0
2020-12-20,0.00362700,0.00374200,0.00349500,0.00363000,213456156.00000000,1608508799999,771035.07765700,8333,99283720.00000000,359271.71666400,0
2020-12-21,0.00363000,0.00393800,0.00331000,0.00350700,372216696.00000000,1608595199999,1353672.41200900,10990,175005861.00000000,634119.45891200,0
2020-12-22,0.00348800,0.00352500,0.00327500,0.00338300,130170402.00000000,1608681599999,438740.01362900,5435,62372129.00000000,209990.33034200,0
2020-12-23,0.00340000,0.00341200,0.00281600,0.00284600,247800231.00000000,1608767999999,770536.84391400,8533,122725364.00000000,382805.52493200,0
2020-12-24,0.00284600,0.00327700,0.00277700,0.00320800,140557763.00000000,1608854399999,422002.02526000,4988,70252984.00000000,212545.54971700,0
2020-12-25,0.00322400,0.00329700,0.00307900,0.00310400,96702461.00000000,1608940799999,307569.29083200,4356,39969887.00000000,127113.10957900,0
2020-12-26,0.00310600,0.00338900,0.00305100,0.00327000,142718321.00000000,1609027199999,460554.75110200,5325,81255635.00000000,262474.71173200,0
2020-12-27,0.00327300,0.00348600,0.00320700,0.00332800,203739300.00000000,1609113599999,683847.39517500,7448,91034572.00000000,305553.58171200,0
2020-12-28,0.00332800,0.00360000,0.00330200,0.00343100,249923129.00000000,1609199999999,859825.41680000,7790,127609846.00000000,437596.32531900,0
2020-12-29,0.00343100,0.00344200,0.00299800,0.00321800,284925448.00000000,1609286399999,914396.16265400,9189,137668383.00000000,443300.54330000,0
2020-12-30,0.00321800,0.00354900,0.00320600,0.00337000,284684325.00000000,1609372799999,961447.47832200,9104,159244533.00000000,537903.99910900,0
2020-12-31,0.00335900,0.00337000,0.00296700,0.00311400,557549503.00000000,1609459199999,1734295.19601700,12732,287881465.00000000,890000.84505400,0
2021-01-01,0.00311900,0.00350000,0.00309100,0.00339400,380768180.00000000,1609545599999,1254501.15657200,12526,205210462.00000000,675396.59609800,0
2021-01-02,0.00338000,0.00530400,0.00326000,0.00453600,4256622494.00000000,1609631999999,18748262.70236500,85093,2130465322.00000000,9420075.71383400,0
2021-01-03,0.00453600,0.00580000,0.00442800,0.00466100,4746065241.00000000,1609718399999,24573254.74231400,111268,2435664459.00000000,12596289.71295700,0
2021-01-04,0.00467400,0.00490100,0.00390000,0.00432100,1096178593.00000000,1609804799999,4761722.37991100,34110,513127543.00000000,2232989.40016700,0
2021-01-05,0.00432100,0.00439600,0.00382500,0.00421600,789330860.00000000,1609891199999,3220948.19284400,23647,436018743.00000000,1776522.84102000,0
2021-01-06,0.00421700,0.00490000,0.00385000,0.00456400,1427092264.00000000,1609977599999,6196594.22347600,40843,735005789.00000000,3195611.91472700,0
2021-01-07,0.00456500,0.00522000,0.00440000,0.00489800,1255978370.00000000,1610063999999,6146296.39627700,39156,657604027.00000000,3219002.70338000,0
2021-01-08,0.00489600,0.00504800,0.00446800,0.00478600,842233121.00000000,1610150399999,4091910.56431300,28195,456820107.00000000,2221630.61665800,0
2021-01-09,0.00478600,0.00525800,0.00461500,0.00511500,781612721.00000000,1610236799999,3932192.04339700,28875,396593195.00000000,1994755.53038900,0
2021-01-10,0.00510600,0.00547000,0.00450000,0.00490200,772675897.00000000,1610323199999,3894853.46063300,27199,368919112.00000000,1862320.22910000,0
2021-01-11,0.00494600,0.00544000,0.00375000,0.00434600,993072588.00000000,1610409599999,4432103.57352500,31734,490879085.00000000,2210089.62899400,0
2021-01-12,0.00433800,0.00453500,0.00397200,0.00425000,409628971.00000000,1610495999999,1740619.93844000,15947,198764718.00000000,845164.70737200,0
2021-01-13,0.00425000,0.00452700,0.00400500,0.00447200,291097795.00000000,1610582399999,1245492.55727900,13262,155929305.00000000,669525.53946400,0
2021-01-14,0.00446500,0.00473000,0.00435000,0.00459700,387785483.00000000,1610668799999,1779972.76551700,16762,195717112.00000000,898620.70363500,0
2021-01-15,0.00459000,0.00477000,0.00425000,0.00457400,345551169.00000000,1610755199999,1563822.51528900,14262,169384841.00000000,766341.91006200,0
2021-01-16,0.00458100,0.00480900,0.00452900,0.00475700,345768411.00000000,1610841599999,1620754.90028600,14765,168165539.00000000,788395.37257700,0
2021-01-17,0.00476000,0.00510100,0.00430600,0.00466000,586703557.00000000,1610927999999,2721916.76534300,19255,314979700.00000000,1462091.50232400,0
2021-01-18,0.00465600,0.00490800,0.00445900,0.00487200,485905350.00000000,1611014399999,2306195.02795000,17268,247903884.00000000,1178154.84036200,0
2021-01-19,0.00487100,0.00550000,0.00485700,0.00501800,721049946.00000000,1611100799999,3693595.76243500,27847,400245223.00000000,2047653.08888000,0
2021-01-20,0.00501800,0.00534900,0.00466700,0.00527100,391801657.00000000,1611187199999,1955360.68845500,18424,197724653.00000000,987483.29395600,0
2021-01-21,0.00527400,0.00530000,0.00433800,0.00444500,300521339.00000000,1611273599999,1434724.41810600,14655,127116913.00000000,608895.51540500,0
2021-01-22,0.00444500,0.00469500,0.00410000,0.00459700,336401946.00000000,1611359999999,1497417.99980000,15512,156905527.00000000,701470.92123000,0
2021-01-23,0.00459700,0.00480000,0.00444900,0.00466600,340575681.00000000,1611446399999,1566190.88498600,13000,168853751.00000000,775968.33347900,0
2021-01-24,0.00466300,0.00476200,0.00451000,0.00465500,176771112.00000000,1611532799999,819556.10084300,8357,85534385.00000000,396763.38062700,0
2021-01-25,0.00465500,0.00475000,0.00445600,0.00451100,311211216.00000000,1611619199999,1429888.80152100,12589,176234248.00000000,809952.41260000,0
2021-01-26,0.00450100,0.00453300,0.00422200,0.00443500,114668101.00000000,1611705599999,500522.99906000,7110,54862686.00000000,239685.38993800,0
2021-01-27,0.00443700,0.00456400,0.00393300,0.00414200,262362668.00000000,1611791999999,1098968.68578400,12882,131466771.00000000,551967.72536200,0
2021-01-28,0.00413300,0.00629600,0.00410800,0.00568200,3611484500.00000000,1611878399999,19446109.27811000,92290,1855745189.00000000,10027703.05313800,0
2021-01-29,0.00568200,0.00995000,0.00566200,0.00734500,7419694328.00000000,1611964799999,57768388.85098000,190111,3773477756.00000000,29400355.50901500,0
2021-01-30,0.00734500,0.00798300,0.00616200,0.00657900,1758225594.00000000,1612051199999,11858228.33739600,64533,905105089.00000000,6094868.57472800,0
2021-01-31,0.00657800,0.00825600,0.00600000,0.00742200,2155354633.00000000,1612137599999,15115083.84989500,83889,1072761248.00000000,7526466.24776100,0
2021-02-01,0.00742300,0.00800000,0.00665500,0.00731400,1574002241.00000000,1612223999999,11329101.86997400,74446,823067817.00000000,5922997.89678300,0
2021-02-02,0.00730700,0.00893600,0.00706400,0.00878200,1903988104.00000000,1612310399999,15202833.17968300,79742,1026401057.00000000,8196170.08131900,0
2021-02-03,0.00878000,0.00970900,0.00824200,0.00890400,1783114780.00000000,1612396799999,15957703.27618300,81659,947622041.00000000,8486792.56599400,0
2021-02-04,0.00892100,0.00931800,0.00813000,0.00846400,995347443.00000000,1612483199999,8630608.21424200,48238,484088346.00000000,4206135.46570100,0
2021-02-05,0.00846700,0.00940000,0.00835000,0.00939200,698181924.00000000,1612569599999,6228234.61924500,37449,377277187.00000000,3370687.86614800,0
2021-02-06,0.00939200,0.00940000,0.00825000,0.00854600,530954069.00000000,1612655999999,4596510.80328400,30816,268028168.00000000,2318266.52171400,0
2021-02-07,0.00854900,0.00859000,0.00761400,0.00827100,529225427.00000000,1612742399999,4308534.05758000,30847,249694416.00000000,2033925.33869100,0
2021-02-08,0.00828000,0.00947500,0.00798600,0.00901500,738249530.00000000,1612828799999,6400160.13870300,37999,396709613.00000000,3448475.69233100,0
2021-02-09,0.00899100,0.01100000,0.00877800,0.01008900,1717462653.00000000,1612915199999,16864492.86344800,74103,933297531.00000000,9173564.74857700,0
2021-02-10,0.01010300,0.01165900,0.00949300,0.01036700,1484871885.00000000,1613001599999,15714926.16163100,82717,764197830.00000000,8101346.94757300,0
2021-02-11,0.01032700,0.01164900,0.01031600,0.01130300,901558862.00000000,1613087999999,10006112.84870400,53182,479046443.00000000,5313989.69529700,0
2021-02-12,0.01131800,0.01313600,0.01083800,0.01291900,1372661797.00000000,1613174399999,16283211.00459400,69489,741093750.00000000,8811631.46502000,0
2021-02-13,0.01291900,0.01421200,0.01225000,0.01365000,1211096694.00000000,1613260799999,16224264.96511000,70592,667294874.00000000,8956545.07949200,0
2021-02-14,0.01365000,0.01372400,0.01191100,0.01269000,645433956.00000000,1613347199999,8268670.73192800,41281,330524257.00000000,4240334.85611700,0
2021-02-15,0.01269000,0.01303100,0.01096100,0.01183300,684825623.00000000,1613433599999,8149373.85159200,42997,349068222.00000000,4159528.34060800,0
2021-02-16,0.01183400,0.01250900,0.01076500,0.01147900,513754690.00000000,1613519999999,6001414.44098500,31345,254292100.00000000,2969635.76539400,0
2021-02-17,0.01148600,0.01284900,0.01086900,0.01224800,524402758.00000000,1613606399999,6264546.17290400,33252,270512544.00000000,3240783.30744500,0
2021-02-18,0.01222100,0.01345400,0.01221700,0.01344000,529764401.00000000,1613692799999,6848605.98050600,39193,302998532.00000000,3921184.90676200,0
2021-02-19,0.01343200,0.01350000,0.01250000,0.01347100,494438318.00000000,1613779199999,6402788.75442700,35993,253264157.00000000,3282468.12500800,0
2021-02-20,0.01346800,0.01439500,0.01210000,0.01292400,709632158.00000000,1613865599999,9620934.44036800,52230,388611746.00000000,5275313.89516600,0
2021-02-21,0.01294300,0.01400000,0.01271500,0.01370800,414980312.00000000,1613951999999,5595821.05778300,36177,207593749.00000000,2801095.13240000,0
2021-02-22,0.01368200,0.01375500,0.01015100,0.01265300,861838131.00000000,1614038399999,10446645.62947600,50755,421394683.00000000,5113557.89856900,0
2021-02-23,0.01261600,0.01265900,0.00870000,0.01070000,1057649576.00000000,1614124799999,10561368.58223600,50906,549368369.00000000,5485458.08534900,0
2021-02-24,0.01070000,0.01263200,0.01010000,0.01085900,993938342.00000000,1614211199999,10985192.27632800,46836,507916570.00000000,5633352.90030900,0
2021-02-25,0.01085900,0.01123600,0.01007000,0.01023000,358719245.00000000,1614297599999,3867434.11532400,22407,187784933.00000000,2026527.12301400,0
2021-02-26,0.01021600,0.01027200,0.00905300,0.00983300,471114347.00000000,1614383999999,4605569.44558400,23232,225040734.00000000,2201721.55120500,0
2021-02-27,0.00986200,0.01039400,0.00971100,0.01009200,363471433.00000000,1614470399999,3677000.71113300,22401,202214228.00000000,2048273.65856300,0
2021-02-28,0.01008900,0.01065000,0.00870000,0.00963700,510744872.00000000,1614556799999,4849460.85057200,24843,242317880.00000000,2302962.43543100,0
2021-03-01,0.00963800,0.01099500,0.00946000,0.01021700,276107179.00000000,1614643199999,2740810.80812300,18139,141178193.00000000,1405337.79848600,0
2021-03-02,0.01023100,0.01031800,0.00962200,0.01015200,250648792.00000000,1614729599999,2503333.26623000,17073,117071388.00000000,1171054.21299400,0
2021-03-03,0.01015100,0.01104300,0.01003200,0.01070300,305824994.00000000,1614815999999,3254544.34876000,20868,169403590.00000000,1801991.70256500,0
2021-03-04,0.01068100,0.01106700,0.01009800,0.01048200,261660865.00000000,1614902399999,2749236.36996900,18408,139022288.00000000,1461401.13493700,0
2021-03-05,0.01048200,0.01073800,0.00990300,0.01055900,245522449.00000000,1614988799999,2529868.21742600,15091,129411253.00000000,1334059.61825600,0
2021-03-06,0.01057400,0.01090400,0.01014100,0.01069200,269375410.00000000,1615075199999,2846581.52981500,19351,131684955.00000000,1392199.19572900,0
2021-03-07,0.01069300,0.01091800,0.01052200,0.01088100,180723741.00000000,1615161599999,1940459.92802700,14998,103472779.00000000,1111242.26167400,0
2021-03-08,0.01089100,0.01143800,0.01079700,0.01135500,374915458.00000000,1615247999999,4190957.85208600,28351,194630081.00000000,2175861.65506100,0
2021-03-09,0.01136100,0.01206400,0.01110400,0.01206300,335965256.00000000,1615334399999,3875857.72467700,26811,175820183.00000000,2029028.46977300,0
2021-03-10,0.01206300,0.01242100,0.01125700,0.01200200,608705818.00000000,1615420799999,7327336.83777700,37411,334170598.00000000,4022894.43814100,0
2021-03-11,0.01201800,0.01206300,0.01126800,0.01185000,323140087.00000000,1615507199999,3788562.23335100,24183,162794696.00000000,1907527.47301800,0
2021-03-12,0.01185000,0.01223000,0.01130000,0.01168700,551807524.00000000,1615593599999,6528695.43055400,34883,268735823.00000000,3175786.49194900,0
2021-03-13,0.01170000,0.01365800,0.01130000,0.01347200,1193177358.00000000,1615679999999,15280906.80115800,73251,621852620.00000000,7973978.06905800,0
2021-03-14,0.01346100,0.01500000,0.01326700,0.01405600,1833171779.00000000,1615766399999,26033086.93746300,101061,943598735.00000000,13389527.40071100,0
2021-03-15,0.01405900,0.01986600,0.01280000,0.01886500,4831127727.00000000,1615852799999,79837001.32591200,190941,2454301271.00000000,40588807.67826300,0
2021-03-16,0.01886100,0.02135000,0.01693700,0.01821800,5146851919.00000000,1615939199999,97277844.18477400,261794,2650648305.00000000,50156730.48650700,0
2021-03-17,0.01821800,0.02020500,0.01700300,0.02011400,1715629537.00000000,1616025599999,32345388.75975500,112563,927881533.00000000,17523334.19889400,0
2021-03-18,0.02015000,0.02298800,0.01907200,0.02262000,1656284440.00000000,1616111999999,34465722.37372600,103582,755867803.00000000,15748302.42454300,0
2021-03-19,0.02262000,0.02462200,0.02100000,0.02436500,1763732744.00000000,1616198399999,41318426.63040700,130556,929937424.00000000,21793658.47867100,0
2021-03-20,0.02437400,0.02930000,0.02270300,0.02291900,3228456399.00000000,1616284799999,86255171.22528400,232902,1652127277.00000000,44213972.85818600,0
2021-03-21,0.02291800,0.02532400,0.02210100,0.02465500,1256855022.00000000,1616371199999,29945704.33116200,109931,645825974.00000000,15397588.79232600,0
2021-03-22,0.02466300,0.02585800,0.02055100,0.02147400,1643417984.00000000,1616457599999,38637230.99245100,118749,868535541.00000000,20446184.01133600,0
2021-03-23,0.02142000,0.02240000,0.01853900,0.02196200,1710587923.00000000,1616543999999,35327846.69263000,110491,864780609.00000000,17859951.38432600,0
2021-03-24,0.02193300,0.02279000,0.01894200,0.01932400,1010840464.00000000,1616630399999,21373144.90000900,78704,504398721.00000000,10675566.42544200,0
2021-03-25,0.01932400,0.01989900,0.01759000,0.01852700,1155416862.00000000,1616716799999,21640104.36841300,71148,551024173.00000000,10323658.29208700,0
2021-03-26,0.01851400,0.02200000,0.01849600,0.02128900,1303733540.00000000,1616803199999,26278915.69016400,90136,679565148.00000000,13699448.36422500,0
2021-03-27,0.02123200,0.02358500,0.02041700,0.02342900,1453527100.00000000,1616889599999,31986567.65257900,99825,752805736.00000000,16562724.69011300,0
2021-03-28,0.02344200,0.02762100,0.02224000,0.02486600,2695243090.00000000,1616975999999,68665984.42476400,190470,1370819966.00000000,34930707.90721200,0
2021-03-29,0.02486900,0.02640000,0.02357500,0.02493700,1290987145.00000000,1617062399999,32043469.59876700,101051,658585563.00000000,16359193.97998300,0
2021-03-30,0.02491800,0.02637400,0.02454200,0.02536200,1247013307.00000000,1617148799999,31624130.17058400,105537,569370634.00000000,14453752.49719800,0
2021-03-31,0.02531600,0.02659000,0.02286200,0.02580800,1270664846.00000000,1617235199999,31655730.93681000,105996,638919078.00000000,15912148.16225400,0
2021-04-01,0.02580800,0.02996900,0.02569100,0.02839400,2233540914.00000000,1617321599999,62247841.12916900,175674,1194553662.00000000,33297590.55008900,0
2021-04-02,0.02838800,0.03242000,0.02802100,0.03043800,2310643118.00000000,1617407999999,70335940.63008300,169037,1194188626.00000000,36380622.60884300,0
2021-04-03,0.03050700,0.03179000,0.02580000,0.02629400,1515748957.00000000,1617494399999,43555604.98559300,112759,770750383.00000000,22147703.43102900,0
2021-04-04,0.02625500,0.02994800,0.02584000,0.02928200,1418416576.00000000,1617580799999,39783917.69539100,105902,718101676.00000000,20148538.96941900,0
2021-04-05,0.02928200,0.03719900,0.02924400,0.03220000,5165216945.00000000,1617667199999,175124142.87529400,382432,2612743014.00000000,88633786.80111700,0
2021-04-06,0.03224200,0.03242300,0.02750000,0.02986400,2232815670.00000000,1617753599999,67818094.47388900,152452,1085973727.00000000,33027207.10245700,0
2021-04-07,0.02989200,0.03023200,0.02362600,0.02606300,2355737803.00000000,1617839999999,62839090.80909000,158404,1176316598.00000000,31381867.67707100,0
2021-04-08,0.02603200,0.02970900,0.02572000,0.02958200,1611234091.00000000,1617926399999,45787610.94995400,121644,839993207.00000000,23866472.95621100,0
2021-04-09,0.02956600,0.03050000,0.02886700,0.02989500,1156766620.00000000,1618012799999,34305452.31420800,93584,606618081.00000000,18001672.22190900,0
2021-04-10,0.02989600,0.03004800,0.02700000,0.02805900,1250476742.00000000,1618099199999,35442268.54207500,82073,641666652.00000000,18187972.12843300,0
2021-04-11,0.02801200,0.02827900,0.02610900,0.02761700,1392754823.00000000,1618185599999,37810290.95878500,86555,700655398.00000000,19028999.49390900,0
2021-04-12,0.02761700,0.02778300,0.02602900,0.02633200,1006328741.00000000,1618271999999,27006950.00429800,71180,506244869.00000000,13588124.65596900,0
2021-04-13,0.02632700,0.02845900,0.02482900,0.02810200,1656762407.00000000,1618358399999,43714843.30592700,87553,819342188.00000000,21642084.04671300,0
2021-04-14,0.02810300,0.03690000,0.02686100,0.03346000,7000147807.00000000,1618444799999,227999028.94934400,448762,3600093441.00000000,117465676.65124300,0
2021-04-15,0.03348900,0.03443000,0.03028000,0.03317000,2242661039.00000000,1618531199999,71452515.08129100,228557,1166178891.00000000,37175704.86468200,0
2021-04-16,0.03313200,0.04540000,0.03046200,0.04258300,7888521775.00000000,1618617599999,304444275.98432000,653212,4072791244.00000000,157401230.39913200,0
2021-04-17,0.04258800,0.06400000,0.04258700,0.05294800,15810913714.00000000,1618703999999,855554161.18718800,1452897,8069244036.00000000,436514862.38226300,0
2021-04-18,0.05294800,0.05685800,0.03810000,0.04808400,6545340029.00000000,1618790399999,302698023.04835400,641966,3315495505.00000000,153272539.36439500,0
2021-04-19,0.04808400,0.04982200,0.04002000,0.04367000,3552781451.00000000,1618876799999,161369595.52419200,349545,1771641366.00000000,80523294.22077700,0
2021-04-20,0.04374400,0.05020000,0.03783900,0.04484400,4346045207.00000000,1618963199999,188490574.25939000,344793,2164501250.00000000,93839055.69994700,0
2021-04-21,0.04484900,0.04790000,0.04160500,0.04215900,3092738882.00000000,1619049599999,139030672.69491900,292250,1581196567.00000000,71134124.16442000,0
2021-04-22,0.04224400,0.04298800,0.03336600,0.03467200,3311461775.00000000,1619135999999,130254133.30147500,265304,1629084038.00000000,64161826.68363500,0
2021-04-23,0.03467400,0.03526000,0.02540100,0.03442900,4241608098.00000000,1619222399999,128505091.68895900,250290,2094360085.00000000,63621507.15651800,0
2021-04-24,0.03442900,0.03536000,0.03038800,0.03119800,2209858773.00000000,1619308799999,71640496.78192000,136129,1133537663.00000000,36796148.47580300,0
2021-04-25,0.03124800,0.03431900,0.02756800,0.03061500,1886168381.00000000,1619395199999,59167262.75209500,121593,971437626.00000000,30357937.17358500,0
2021-04-26,0.03061500,0.03700000,0.02996800,0.03680000,2310913661.00000000,1619481599999,79020672.28547400,174890,1207342420.00000000,41244524.26347900,0
2021-04-27,0.03674700,0.04190000,0.03553800,0.04111800,2708086927.00000000,1619567999999,107908223.39727200,239389,1371086645.00000000,54661758.53588600,0
2021-04-28,0.04111800,0.04305700,0.03586200,0.03933600,1949911669.00000000,1619654399999,76259925.92522300,162971,984972223.00000000,38495436.53966700,0
2021-04-29,0.03929100,0.03950000,0.03602000,0.03774700,1209031836.00000000,1619740799999,45943888.63534200,96673,594078417.00000000,22578450.57991200,0
2021-04-30,0.03774900,0.04100000,0.03680000,0.04082800,1188233701.00000000,1619827199999,46085593.09260500,111502,617618157.00000000,23972733.92844200,0
2021-05-01,0.04081100,0.04123200,0.03854500,0.03995600,1142575036.00000000,1619913599999,45440531.88353700,101302,571652571.00000000,22733693.84375400,0
2021-05-02,0.03995600,0.04295000,0.03926600,0.04139100,1939748131.00000000,1619999999999,80189100.57360200,172302,1006227184.00000000,41584453.83652800,0
2021-05-03,0.04137700,0.04278000,0.04000000,0.04063300,1160655879.00000000,1620086399999,48046080.10472100,104354,588594722.00000000,24377798.97248300,0
2021-05-04,0.04059600,0.04068000,0.03469000,0.03578400,1755214795.00000000,1620172799999,65851222.26695500,148854,864713359.00000000,32447842.98270200,0
2021-05-05,0.03578300,0.04500000,0.03535000,0.04110500,3521414983.00000000,1620259199999,143702992.97753500,291863,1776949372.00000000,72517124.41827800,0
2021-05-06,0.04113800,0.04427700,0.03877300,0.04123000,2177571039.00000000,1620345599999,90623956.79167600,200161,1117191662.00000000,46541637.98401600,0
2021-05-07,0.04123000,0.04473400,0.03883600,0.04241500,2013079255.00000000,1620431999999,84872819.95745800,185540,1045855969.00000000,44138814.02862600,0
2021-05-08,0.04241800,0.04288000,0.03951700,0.04038900,1080182491.00000000,1620518399999,44629598.89974200,91902,569176790.00000000,23525064.11256700,0
2021-05-09,0.04039000,0.04122300,0.03718900,0.03940000,1213109509.00000000,1620604799999,47307433.93091900,101268,594671434.00000000,23218788.94711200,0
2021-05-10,0.03937600,0.04010900,0.03206800,0.03450100,1496151703.00000000,1620691199999,55406457.33877700,126511,718639441.00000000,26652895.78268400,0
2021-05-11,0.03451200,0.03782900,0.03304800,0.03728400,1181633557.00000000,1620777599999,42378721.66334800,105867,617088910.00000000,22144252.64274000,0
2021-05-12,0.03727200,0.03858200,0.02875400,0.02942600,1055483918.00000000,1620863999999,37302538.85420900,95637,524446401.00000000,18625776.20030200,0
2021-05-13,0.02939100,0.03280700,0.02700000,0.03054100,1595352828.00000000,1620950399999,48276143.95027200,116935,801506465.00000000,24259674.25175200,0
2021-05-14,0.03050200,0.03358000,0.03034100,0.03230000,785614389.00000000,1621036799999,25090651.72481700,66338,403248532.00000000,12888249.77361500,0
2021-05-15,0.03230400,0.03273500,0.02838500,0.02916500,712673678.00000000,1621123199999,21568500.89482600,64976,346462921.00000000,10502157.18966100,0
2021-05-16,0.02916400,0.03209700,0.02636900,0.02890200,812770465.00000000,1621209599999,23858664.44682300,69291,410260270.00000000,12060451.71177000,0
2021-05-17,0.02890400,0.02899700,0.02439500,0.02606200,1018993060.00000000,1621295999999,26901769.87313000,76389,510049992.00000000,13467014.34808000,0
2021-05-18,0.02605600,0.02850000,0.02567800,0.02695100,838543608.00000000,1621382399999,22638390.41519300,63101,423337006.00000000,11434651.38777000,0
2021-05-19,0.02695700,0.02765200,0.01212300,0.01705400,2762252339.00000000,1621468799999,55379545.09109000,162723,1375369747.00000000,27691206.19042300,0
2021-05-20,0.01706000,0.02123100,0.01505400,0.02033100,1501096688.00000000,1621555199999,28226214.47655400,96284,762555340.00000000,14349070.01698600,0
2021-05-21,0.02029100,0.02300000,0.01520000,0.01903500,1684974722.00000000,1621641599999,32842635.45734600,115349,887269845.00000000,17357475.00661700,0
2021-05-22,0.01904100,0.01970900,0.01677900,0.01901000,1229196668.00000000,1621727999999,22745768.94539700,78054,638605289.00000000,11815102.82442900,0
2021-05-23,0.01905500,0.01905500,0.01196600,0.01495100,1834021430.00000000,1621814399999,27048689.50285100,90729,892693341.00000000,13140259.09499800,0
2021-05-24,0.01496500,0.01820500,0.01414200,0.01785400,1537197266.00000000,1621900799999,24926459.65734100,81053,795221887.00000000,12893105.17188900,0
2021-05-25,0.01784500,0.01848000,0.01586900,0.01755900,1475277918.00000000,1621987199999,25355798.26629900,81155,755982291.00000000,12986953.97514900,0
2021-05-26,0.01763000,0.02100000,0.01760800,0.02046700,2134623426.00000000,1622073599999,42489122.26157600,124164,1070896506.00000000,21320361.46128100,0
2021-05-27,0.02049000,0.02051300,0.01822300,0.01903300,924318085.00000000,1622159999999,17852530.34314100,59607,461110356.00000000,8910938.40561000,0
2021-05-28,0.01903500,0.01943900,0.01600600,0.01668500,1201162463.00000000,1622246399999,20798623.30111400,64959,609638476.00000000,10560641.64280300,0
2021-05-29,0.01668000,0.01746200,0.01517800,0.01623700,845223874.00000000,1622332799999,13677516.15874800,48404,422333583.00000000,6830126.05056100,0
2021-05-30,0.01625900,0.01765500,0.01535000,0.01704400,711662674.00000000,1622419199999,11803946.48695500,44587,370735413.00000000,6149765.96488900,0
2021-05-31,0.01704400,0.01793000,0.01592200,0.01784000,725962305.00000000,1622505599999,12343253.68525600,42936,369459661.00000000,6278737.99959600,0
2021-06-01,0.01784000,0.01811900,0.01662100,0.01712700,543278316.00000000,1622591999999,9341527.90572400,36472,273003166.00000000,4693441.78459300,0
2021-06-02,0.01715600,0.01785900,0.01678400,0.01760100,558017115.00000000,1622678399999,9686699.23299000,33511,293462466.00000000,5096286.53495200,0
2021-06-03,0.01759200,0.01885300,0.01732100,0.01885300,687523517.00000000,1622764799999,12448014.79356600,44490,358044971.00000000,6489022.34840900,0
2021-06-04,0.01884600,0.01967200,0.01629200,0.01851900,1394411076.00000000,1622851199999,25061682.90588800,76433,691727607.00000000,12441944.83989400,0
2021-06-05,0.01854200,0.02050000,0.01755900,0.01819600,1690594574.00000000,1622937599999,32161431.27123200,92423,848651750.00000000,16149425.41007200,0
2021-06-06,0.01818600,0.01933100,0.01795100,0.01873300,834614659.00000000,1623023999999,15512706.81228300,47810,443275146.00000000,8233245.65991800,0
2021-06-07,0.01875800,0.01916700,0.01616700,0.01653200,888918338.00000000,1623110399999,15979743.26302200,52240,437629794.00000000,7877815.85862400,0
2021-06-08,0.01648900,0.01682200,0.01430000,0.01604600,1073801112.00000000,1623196799999,16859518.71497500,60090,523610748.00000000,8224365.12280400,0
2021-06-09,0.01606300,0.01689100,0.01514800,0.01677500,689196326.00000000,1623283199999,11111451.71088300,45036,347600050.00000000,5598461.57771700,0
2021-06-10,0.01678300,0.01761000,0.01574400,0.01642000,996080145.00000000,1623369599999,16680756.16775800,50901,489418233.00000000,8202002.16617000,0
2021-06-11,0.01641700,0.01702000,0.01516400,0.01544200,592263054.00000000,1623455999999,9555336.68994600,33748,294776668.00000000,4761830.27771900,0
2021-06-12,0.01545100,0.01546700,0.01390200,0.01502100,720470678.00000000,1623542399999,10540263.27412500,35991,355023964.00000000,5201373.81972700,0
2021-06-13,0.01505400,0.01588400,0.01466000,0.01565100,545392871.00000000,1623628799999,8302441.48120400,29894,289078477.00000000,4398876.88213000,0
2021-06-14,0.01567300,0.01632000,0.01549600,0.01612900,678198996.00000000,1623715199999,10799451.03822600,32681,344809877.00000000,5491740.33016000,0
2021-06-15,0.01611900,0.01646200,0.01554900,0.01600200,529279355.00000000,1623801599999,8495685.14885200,31502,281418929.00000000,4520509.10201200,0
2021-06-16,0.01599100,0.01603800,0.01490800,0.01518800,430465281.00000000,1623887999999,6637848.10131500,25836,217524521.00000000,3356549.16675200,0
2021-06-17,0.01519200,0.01556600,0.01460000,0.01496300,406270181.00000000,1623974399999,6145300.18505600,21979,206091717.00000000,3119548.74443000,0
2021-06-18,0.01496100,0.01559400,0.01366200,0.01413800,854595043.00000000,1624060799999,12668116.43136500,42801,440408060.00000000,6531404.18587300,0
2021-06-19,0.01413800,0.01439000,0.01329700,0.01335600,555323664.00000000,1624147199999,7667093.35909300,34618,266424571.00000000,3679742.41721700,0
2021-06-20,0.01334200,0.01358200,0.01217300,0.01324500,736337072.00000000,1624233599999,9481362.71052800,34130,351721685.00000000,4535380.76591800,0
2021-06-21,0.01324800,0.01341900,0.00976200,0.00983100,1321649353.00000000,1624319999999,14840432.69615700,57917,648462507.00000000,7288132.99568100,0
2021-06-22,0.00984300,0.01080000,0.00762400,0.00938800,1779909073.00000000,1624406399999,16281520.44422100,69519,915157688.00000000,8367975.63423000,0
2021-06-23,0.00938800,0.01071700,0.00895500,0.01040900,879354138.00000000,1624492799999,8945198.70671200,38118,445683033.00000000,4539493.10131600,0
2021-06-24,0.01042800,0.01200000,0.00989400,0.01158200,898809507.00000000,1624579199999,9898863.41541600,41613,456279733.00000000,5014226.69861300,0
2021-06-25,0.01158500,0.01216000,0.01052700,0.01062900,1624229257.00000000,1624665599999,18742129.37371800,90375,849436399.00000000,9801835.55386400,0
2021-06-26,0.01063900,0.01119000,0.01005300,0.01091400,653296806.00000000,1624751999999,6866438.84178500,33130,334459847.00000000,3519158.68137500,0
2021-06-27,0.01091400,0.01130000,0.01043200,0.01123600,446814966.00000000,1624838399999,4805841.47305800,20512,226788977.00000000,2440749.68980600,0
2021-06-28,0.01126200,0.01239500,0.01110700,0.01205800,922752862.00000000,1624924799999,11035244.14945200,41249,503898028.00000000,6027523.58789000,0
2021-06-29,0.01204900,0.01310000,0.01201000,0.01293100,833730333.00000000,1625011199999,10578285.09014900,37278,443287864.00000000,5628759.96465400,0
2021-06-30,0.01292900,0.01331100,0.01180100,0.01331100,656520695.00000000,1625097599999,8223077.82391900,32228,331779672.00000000,4163300.60155000,0
2021-07-01,0.01331100,0.01339000,0.01234700,0.01307000,623188216.00000000,1625183999999,7991450.63581700,31806,315164819.00000000,4042692.12271300,0
2021-07-02,0.01306400,0.01333600,0.01218700,0.01328100,554382553.00000000,1625270399999,7027801.66844200,27298,293060894.00000000,3718378.33899800,0
2021-07-03,0.01329200,0.01389700,0.01273800,0.01378200,455991504.00000000,1625356799999,6037925.47564600,23466,244127694.00000000,3233683.87836800,0
2021-07-04,0.01377900,0.01433000,0.01336300,0.01399500,574214915.00000000,1625443199999,7964635.77188200,28123,287067915.00000000,3981170.65596500,0
2021-07-05,0.01397100,0.01399900,0.01292900,0.01342000,521198243.00000000,1625529599999,7007410.37381100,25294,279617834.00000000,3759702.42939400,0
2021-07-06,0.01343600,0.01419500,0.01319000,0.01392200,557088897.00000000,1625615999999,7585205.72132900,25483,296117891.00000000,4036829.91787200,0
2021-07-07,0.01392200,0.01500000,0.01357200,0.01418600,653776903.00000000,1625702399999,9315583.39960900,34788,336806136.00000000,4800532.52782300,0
2021-07-08,0.01418600,0.01499300,0.01289100,0.01340300,687529911.00000000,1625788799999,9523034.13994100,38133,331576787.00000000,4592016.28871200,0
2021-07-09,0.01338500,0.01341000,0.01244800,0.01323300,354239161.00000000,1625875199999,4580401.59800300,20859,174579396.00000000,2258469.75431200,0
2021-07-10,0.01323300,0.01341600,0.01250000,0.01280900,213242462.00000000,1625961599999,2753171.49114600,12417,105376587.00000000,1360863.00589500,0
2021-07-11,0.01280200,0.01320800,0.01247400,0.01298900,231743888.00000000,1626047999999,2973592.65978700,11812,111691325.00000000,1433553.89384900,0
2021-07-12,0.01301600,0.01304800,0.01236800,0.01265300,235980683.00000000,1626134399999,2998863.83771400,12538,115102223.00000000,1462313.33805800,0
2021-07-13,0.01265400,0.01290700,0.01194600,0.01216600,271748408.00000000,1626220799999,3388645.92408600,13515,133122723.00000000,1660717.24059800,0
2021-07-14,0.01216600,0.01231500,0.01109400,0.01180000,428884547.00000000,1626307199999,5002743.56351200,23638,219517698.00000000,2560084.76893000,0
2021-07-15,0.01180000,0.01216800,0.01099800,0.01136900,421125466.00000000,1626393599999,4899354.82543700,22998,208633025.00000000,2430794.56124900,0
2021-07-16,0.01134100,0.01163200,0.01062200,0.01079800,351003885.00000000,1626479999999,3911135.81859600,16960,189262476.00000000,2112993.04230000,0
2021-07-17,0.01078900,0.01116000,0.01052000,0.01098600,373846995.00000000,1626566399999,4043533.73774500,16032,193251665.00000000,2092117.70733400,0
2021-07-18,0.01098700,0.01150800,0.01090500,0.01121800,257693717.00000000,1626652799999,2877188.86674000,12756,130746696.00000000,1460842.01077900,0
2021-07-19,0.01122300,0.01171100,0.01053200,0.01065600,464725245.00000000,1626739199999,5148754.56486500,24751,233780160.00000000,2596395.29247600,0
2021-07-20,0.01067000,0.01085200,0.00930000,0.00977200,591462361.00000000,1626825599999,5823233.43053400,26242,278002200.00000000,2735594.84340300,0
2021-07-21,0.00976300,0.01099900,0.00953500,0.01063600,756373576.00000000,1626911999999,7785703.42358600,32665,365226893.00000000,3765350.73318300,0
2021-07-22,0.01064100,0.01083600,0.01037100,0.01082400,469248370.00000000,1626998399999,4978751.28270500,19975,259189719.00000000,2750915.94900000,0
2021-07-23,0.01082400,0.01119800,0.01035300,0.01117100,477093845.00000000,1627084799999,5172981.07926500,19353,246545376.00000000,2674810.04270500,0
2021-07-24,0.01119000,0.01141900,0.01095200,0.01124700,339022295.00000000,1627171199999,3798903.85045200,16768,173593690.00000000,1945121.60757400,0
2021-07-25,0.01126100,0.01163400,0.01097900,0.01157600,591609958.00000000,1627257599999,6708100.26467500,25524,307879056.00000000,3489702.23152900,0
2021-07-26,0.01157900,0.01299700,0.01149400,0.01196000,943824500.00000000,1627343999999,11734581.70178500,51276,503188880.00000000,6259432.80392200,0
2021-07-27,0.01195900,0.01246800,0.01132800,0.01245800,586703266.00000000,1627430399999,7012807.02499100,27471,298780500.00000000,3571488.74723200,0
2021-07-28,0.01243200,0.01313400,0.01216900,0.01273800,778257224.00000000,1627516799999,9886923.64720800,35170,400529851.00000000,5090635.36860600,0
2021-07-29,0.01274300,0.01352700,0.01228200,0.01345900,650351039.00000000,1627603199999,8450891.43714100,30029,345816701.00000000,4496505.56727300,0
2021-07-30,0.01346500,0.01423000,0.01280100,0.01402900,817429461.00000000,1627689599999,10998905.92935900,43323,420788979.00000000,5663671.72526700,0
2021-07-31,0.01405100,0.01544700,0.01376900,0.01497800,778972615.00000000,1627775999999,11447775.90849100,40291,395434409.00000000,5819274.02628200,0
2021-08-01,0.01498800,0.02033800,0.01496400,0.01584600,4452050369.00000000,1627862399999,82126526.79235500,256235,2270132891.00000000,41891911.91916100,0
2021-08-02,0.01583700,0.01649500,0.01536300,0.01592000,1720748207.00000000,1627948799999,27365650.32029600,87277,818161084.00000000,13022652.67756700,0
2021-08-03,0.01592200,0.01596800,0.01452700,0.01497600,990058838.00000000,1628035199999,14939317.38772800,55092,493326623.00000000,7450472.96125400,0
2021-08-04,0.01498000,0.01598800,0.01493800,0.01588400,827934017.00000000,1628121599999,12826717.80132600,40573,412959365.00000000,6402145.31987700,0
2021-08-05,0.01588300,0.01632400,0.01507600,0.01615800,737074471.00000000,1628207999999,11558003.26752400,42832,361992781.00000000,5680408.86659100,0
2021-08-06,0.01614700,0.01741800,0.01573900,0.01721900,846056361.00000000,1628294399999,14032815.34539200,43148,426647748.00000000,7084121.40639000,0
2021-08-07,0.01721900,0.01782000,0.01658300,0.01757400,955230740.00000000,1628380799999,16445901.10276700,45742,483724106.00000000,8331887.03539300,0
2021-08-08,0.01757700,0.01764400,0.01591400,0.01639900,661493206.00000000,1628467199999,11100215.76743300,33589,330195038.00000000,5548088.67774600,0
2021-08-09,0.01639700,0.01718700,0.01542900,0.01698400,600862242.00000000,1628553599999,9909926.74844100,32526,304758197.00000000,5026838.46874500,0
2021-08-10,0.01700400,0.01750000,0.01636900,0.01727500,734254507.00000000,1628639999999,12489580.63721600,41731,375592184.00000000,6388478.01046400,0
2021-08-11,0.01727600,0.01910000,0.01723300,0.01827800,1087282324.00000000,1628726399999,19831172.83951400,67102,580534303.00000000,10585796.46405200,0
2021-08-12,0.01824600,0.01910800,0.01686100,0.01766800,822700232.00000000,1628812799999,14749363.90091000,49601,402295177.00000000,7213586.62080800,0
2021-08-13,0.01766400,0.01914800,0.01752000,0.01910400,709025798.00000000,1628899199999,13125919.82572600,41381,388204064.00000000,7191353.13338900,0
2021-08-14,0.01910400,0.01968500,0.01830800,0.01944600,818311642.00000000,1628985599999,15531357.09965400,46578,426047120.00000000,8091295.15381400,0
2021-08-15,0.01945500,0.01980900,0.01818200,0.01961800,653234764.00000000,1629071999999,12375275.52334000,37017,343361753.00000000,6507706.09263000,0
2021-08-16,0.01960200,0.02100000,0.01872600,0.01948200,1380120131.00000000,1629158399999,27278542.99883400,74586,717120535.00000000,14193911.30670900,0
2021-08-17,0.01947800,0.01996700,0.01750000,0.01785200,1385893061.00000000,1629244799999,26366735.48701200,75035,685164651.00000000,13036868.34807000,0
2021-08-18,0.01785000,0.01822400,0.01675400,0.01730100,969079251.00000000,1629331199999,17067573.45668000,52557,475812127.00000000,8389988.97238300,0
2021-08-19,0.01731500,0.01832000,0.01667100,0.01831900,808312871.00000000,1629417599999,13993835.25942200,41089,420632464.00000000,7282331.79444600,0
2021-08-20,0.01832000,0.01942100,0.01814500,0.01902900,870374439.00000000,1629503999999,16256680.03677000,45233,459963746.00000000,8595362.70512000,0
2021-08-21,0.01899500,0.01985100,0.01825300,0.01857100,690630577.00000000,1629590399999,12984361.30278500,37297,334893896.00000000,6297493.98588000,0
2021-08-22,0.01856800,0.01950000,0.01841300,0.01934300,708822490.00000000,1629676799999,13415708.49910600,40322,365435335.00000000,6921005.84329200,0
2021-08-23,0.01934300,0.02124800,0.01907800,0.02089500,1359271073.00000000,1629763199999,27686304.79514600,74320,734054713.00000000,14948440.73673100,0
2021-08-24,0.02089500,0.02370000,0.01987200,0.02037000,2815663609.00000000,1629849599999,61783678.91576800,170032,1389617238.00000000,30512762.60153600,0
2021-08-25,0.02038200,0.02331100,0.01992300,0.02297200,1938513271.00000000,1629935999999,41537028.36839800,108782,996225264.00000000,21358864.29191500,0
2021-08-26,0.02298100,0.02322800,0.02069000,0.02105000,1100546639.00000000,1630022399999,23838967.17911900,76303,557277352.00000000,12060935.65578700,0
2021-08-27,0.02108000,0.02258000,0.01983000,0.02196000,1019777028.00000000,1630108799999,21312524.31867000,60707,532530888.00000000,11149031.35872800,0
2021-08-28,0.02198000,0.02202000,0.02078000,0.02126000,558867183.00000000,1630195199999,11891967.63657000,33542,284858979.00000000,6061704.09364000,0
2021-08-29,0.02125000,0.02149000,0.02024000,0.02082000,810901653.00000000,1630281599999,16875709.20432000,44445,427313893.00000000,8898053.38485000,0
2021-08-30,0.02084000,0.02086000,0.01911000,0.01932000,804535320.00000000,1630367999999,16084951.76798500,40251,412363334.00000000,8247906.02844200,0
2021-08-31,0.01934000,0.02013000,0.01895000,0.01972000,781650936.00000000,1630454399999,15316997.62426600,39870,409451585.00000000,8023569.34072800,0
2021-09-01,0.01970000,0.02100000,0.01923000,0.02076000,656139867.00000000,1630540799999,13338216.89474000,39073,342971681.00000000,6971692.63277000,0
2021-09-02,0.02075000,0.02128000,0.02052000,0.02068000,651426248.00000000,1630627199999,13627896.13959000,36299,345495941.00000000,7231825.95443000,0
2021-09-03,0.02068000,0.02185000,0.02018000,0.02140000,823413130.00000000,1630713599999,17387601.39497000,51577,455351332.00000000,9616652.80760000,0
2021-09-04,0.02142000,0.02459000,0.02113000,0.02401000,1313225941.00000000,1630799999999,29677639.89237000,76711,708683616.00000000,16002540.11727000,0
2021-09-05,0.02403000,0.02764000,0.02320000,0.02471000,2886507778.00000000,1630886399999,72107682.99687100,186620,1509774947.00000000,37741316.76506100,0
2021-09-06,0.02470000,0.02558000,0.02328000,0.02454000,1338615829.00000000,1630972799999,32804888.97038000,100044,690299323.00000000,16929218.18425000,0
2021-09-07,0.02454000,0.02477000,0.01731000,0.01933000,1671812932.00000000,1631059199999,34958775.33301300,129245,815100217.00000000,17030679.05716600,0
2021-09-08,0.01931000,0.01987000,0.01688000,0.01918000,1143349909.00000000,1631145599999,21299137.79062400,75843,603264909.00000000,11251496.82151000,0
2021-09-09,0.01921000,0.02050000,0.01905000,0.01998000,939056888.00000000,1631231999999,18577855.59191000,56514,499058139.00000000,9877721.90918000,0
2021-09-10,0.01997000,0.02050000,0.01767000,0.01817000,807234437.00000000,1631318399999,15318192.52507000,50751,432617184.00000000,8211683.16172000,0
2021-09-11,0.01816000,0.01897000,0.01793000,0.01854000,486271444.00000000,1631404799999,8991623.57151000,28019,251541915.00000000,4648686.28849000,0
2021-09-12,0.01856000,0.01997000,0.01810000,0.01962000,721644723.00000000,1631491199999,13862016.05380000,37790,365880307.00000000,7026049.72981000,0
2021-09-13,0.01959000,0.01961000,0.01701000,0.01820000,627834381.00000000,1631577599999,11397826.06278000,35549,316384753.00000000,5746734.42952000,0
2021-09-14,0.01820000,0.01889000,0.01793000,0.01885000,574110865.00000000,1631663999999,10569204.12927000,28292,297216588.00000000,5474049.44531000,0
2021-09-15,0.01885000,0.01950000,0.01856000,0.01945000,453901629.00000000,1631750399999,8646698.27489000,27108,228321090.00000000,4354217.25218000,0
2021-09-16,0.01945000,0.01970000,0.01849000,0.01894000,527799234.00000000,1631836799999,10087375.29106000,29213,274780464.00000000,5252990.77143000,0
2021-09-17,0.01892000,0.01899000,0.01791000,0.01820000,506599636.00000000,1631923199999,9367513.93269000,26304,271350980.00000000,5018460.43465000,0
2021-09-18,0.01818000,0.01938000,0.01797000,0.01904000,505753436.00000000,1632009599999,9552599.87141000,25621,266721976.00000000,5039485.71390000,0
2021-09-19,0.01906000,0.01908000,0.01696000,0.01803000,547762056.00000000,1632095999999,10057301.15759000,24678,276665874.00000000,5092776.94430000,0
2021-09-20,0.01803000,0.01814000,0.01489000,0.01541000,983179878.00000000,1632182399999,15938804.37104800,46870,496953157.00000000,8053399.05345200,0
2021-09-21,0.01541000,0.01592000,0.01361000,0.01433000,793181222.00000000,1632268799999,11872627.92636400,35968,390051522.00000000,5843278.83576500,0
2021-09-22,0.01434000,0.01613000,0.01419000,0.01597000,522277206.00000000,1632355199999,7920518.80498000,24921,274016836.00000000,4156845.40346000,0
2021-09-23,0.01596000,0.01652000,0.01565000,0.01633000,466032576.00000000,1632441599999,7538125.03238000,23529,236883766.00000000,3832435.95881000,0
2021-09-24,0.01632000,0.01639000,0.01390000,0.01491000,684856780.00000000,1632527999999,10291747.85071000,35247,343424210.00000000,5165854.23762000,0
2021-09-25,0.01490000,0.01547000,0.01420000,0.01475000,503274123.00000000,1632614399999,7422556.80537000,20871,246133882.00000000,3635936.31558000,0
2021-09-26,0.01476000,0.01536000,0.01354000,0.01499000,795298111.00000000,1632700799999,11688030.42380000,35206,402451509.00000000,5912499.13754000,0
2021-09-27,0.01497000,0.01530000,0.01413000,0.01416000,543646374.00000000,1632787199999,8050070.28780000,22424,272461249.00000000,4032097.63814000,0
2021-09-28,0.01415000,0.01458000,0.01324000,0.01331000,619846081.00000000,1632873599999,8568489.39246400,23674,282023207.00000000,3908258.59089000,0
2021-09-29,0.01331000,0.01440000,0.01320000,0.01373000,488222332.00000000,1632959999999,6761546.15615400,20609,261597644.00000000,3621420.77157000,0
2021-09-30,0.01375000,0.01460000,0.01367000,0.01456000,515084298.00000000,1633046399999,7337714.32596000,19564,268837648.00000000,3829671.95227000,0
2021-10-01,0.01456000,0.01628000,0.01446000,0.01608000,675932504.00000000,1633132799999,10449682.03083000,28059,365505089.00000000,5648564.59983000,0
2021-10-02,0.01609000,0.01664000,0.01574000,0.01605000,438622793.00000000,1633219199999,7091115.37863000,21496,241476091.00000000,3904656.69895000,0
2021-10-03,0.01606000,0.01713000,0.01565000,0.01658000,530889360.00000000,1633305599999,8687954.21287000,25741,286209835.00000000,4682398.54577000,0
2021-10-04,0.01657000,0.01658000,0.01541000,0.01614000,530123068.00000000,1633391999999,8474889.21364000,22785,273264163.00000000,4369568.64533000,0
2021-10-05,0.01617000,0.01900000,0.01599000,0.01835000,1766781361.00000000,1633478399999,31370221.80763000,86662,914301492.00000000,16245253.81923000,0
2021-10-06,0.01836000,0.02335000,0.01801000,0.01908000,4188691507.00000000,1633564799999,83327976.45048000,192578,2115361990.00000000,42001922.88575000,0
2021-10-07,0.01908000,0.01912000,0.01812000,0.01854000,895488555.00000000,1633651199999,16651835.45457000,47906,425230346.00000000,7895633.08099000,0
2021-10-08,0.01855000,0.02056000,0.01852000,0.02012000,1398017131.00000000,1633737599999,27753474.85102000,75900,754858813.00000000,14980445.46065000,0
2021-10-09,0.02014000,0.02219000,0.01975000,0.02073000,1450955904.00000000,1633823999999,30429450.94203000,92125,764841424.00000000,16034891.83941000,0
2021-10-10,0.02075000,0.02090000,0.01928000,0.01962000,584660834.00000000,1633910399999,11618430.02609000,32927,312645962.00000000,6214229.14520000,0
2021-10-11,0.01962000,0.01987000,0.01845000,0.01906000,572370831.00000000,1633996799999,11004028.86159000,35153,289607690.00000000,5563881.01138000,0
2021-10-12,0.01905000,0.01909000,0.01714000,0.01805000,750709049.00000000,1634083199999,13421692.83256000,36313,369611845.00000000,6602474.97062000,0
2021-10-13,0.01803000,0.01883000,0.01770000,0.01880000,556277379.00000000,1634169599999,10140017.76606000,27826,324551681.00000000,5918078.51069000,0
2021-10-14,0.01881000,0.01918000,0.01845000,0.01894000,409696975.00000000,1634255999999,7724904.92228000,25112,207491646.00000000,3912983.73437000,0
2021-10-15,0.01893000,0.02013000,0.01758000,0.01850000,1485778805.00000000,1634342399999,27654453.16014000,57807,717921699.00000000,13359995.78319000,0
2021-10-16,0.01851000,0.01880000,0.01808000,0.01829000,468867785.00000000,1634428799999,8659298.11074000,26963,229899129.00000000,4244996.03426000,0
2021-10-17,0.01830000,0.01831000,0.01711000,0.01775000,446873747.00000000,1634515199999,7947712.53640000,26008,224799354.00000000,3997231.37470000,0
2021-10-18,0.01773000,0.01888000,0.01752000,0.01837000,687491082.00000000,1634601599999,12441136.39110000,37552,359478879.00000000,6507672.09233000,0
2021-10-19,0.01837000,0.01845000,0.01781000,0.01835000,548803098.00000000,1634687999999,9917127.62455000,26003,297287539.00000000,5372514.13449000,0
2021-10-20,0.01835000,0.01939000,0.01794000,0.01909000,653055822.00000000,1634774399999,12243559.37503000,36128,329733170.00000000,6188870.98759000,0
2021-10-21,0.01908000,0.01943000,0.01814000,0.01825000,548556919.00000000,1634860799999,10364664.73771000,31384,286625988.00000000,5418805.18310000,0
2021-10-22,0.01824000,0.01905000,0.01822000,0.01865000,384391858.00000000,1634947199999,7164146.51325000,22891,192248539.00000000,3581865.35730000,0
2021-10-23,0.01866000,0.01882000,0.01829000,0.01869000,258171113.00000000,1635033599999,4794913.93586000,16198,132270518.00000000,2457547.73378000,0
2021-10-24,0.01869000,0.01895000,0.01774000,0.01821000,622287018.00000000,1635119999999,11408612.98909000,31851,324156766.00000000,5946062.54725000,0
2021-10-25,0.01821000,0.01907000,0.01805000,0.01901000,531802841.00000000,1635206399999,9976896.68416000,31269,275536021.00000000,5170465.20479000,0
2021-10-26,0.01903000,0.01962000,0.01849000,0.01875000,729949835.00000000,1635292799999,13855815.48533000,44104,364951821.00000000,6926361.12247000,0
2021-10-27,0.01876000,0.01911000,0.01604000,0.01647000,840936682.00000000,1635379199999,14554385.85087000,61836,406090956.00000000,7032618.40993000,0
2021-10-28,0.01647000,0.01760000,0.01626000,0.01752000,490732776.00000000,1635465599999,8354946.59767000,32645,263018908.00000000,4480562.86555000,0
2021-10-29,0.01752000,0.01866000,0.01739000,0.01847000,520411470.00000000,1635551999999,9333965.89885000,34860,269972062.00000000,4841800.85668000,0
2021-10-30,0.01848000,0.01884000,0.01765000,0.01876000,744371524.00000000,1635638399999,13614775.45140000,39830,377485173.00000000,6906251.74084000,0
2021-10-31,0.01875000,0.02399000,0.01840000,0.02046000,5625651937.00000000,1635724799999,117958413.06052000,374324,2869598359.00000000,60192049.91135000,0
2021-11-01,0.02045000,0.02051000,0.01882000,0.02005000,1309144974.00000000,1635811199999,25924107.42745000,76552,679312986.00000000,13457907.55831000,0
2021-11-02,0.02004000,0.02227000,0.01976000,0.02149000,1419675349.00000000,1635897599999,30110296.22318000,87800,738241691.00000000,15658510.82673000,0
2021-11-03,0.02146000,0.02148000,0.01982000,0.02085000,817491895.00000000,1635983999999,16885441.91210000,56096,418157819.00000000,8640674.04726000,0
2021-11-04,0.02084000,0.02109000,0.01941000,0.02010000,688760183.00000000,1636070399999,13980114.88572000,45828,327985680.00000000,6657025.04300000,0
2021-11-05,0.02009000,0.02037000,0.01927000,0.01964000,546456708.00000000,1636156799999,10790098.66061000,35180,288561324.00000000,5696860.30080000,0
2021-11-06,0.01964000,0.02007000,0.01865000,0.01972000,396657170.00000000,1636243199999,7700632.98308000,29811,202739811.00000000,3937137.98985000,0
2021-11-07,0.01974000,0.02032000,0.01957000,0.01991000,576569233.00000000,1636329599999,11477745.73716000,33738,290160484.00000000,5776730.98017000,0
2021-11-08,0.01992000,0.02160000,0.01981000,0.02106000,1222910630.00000000,1636415999999,25406748.77802000,66433,638326934.00000000,13260613.41890000,0
2021-11-09,0.02108000,0.02150000,0.02052000,0.02114000,787313674.00000000,1636502399999,16543904.80868000,50945,393987167.00000000,8280996.93078000,0
2021-11-10,0.02113000,0.02173000,0.01880000,0.01964000,953775010.00000000,1636588799999,19668287.78935000,63624,465605247.00000000,9618102.08702000,0
2021-11-11,0.01963000,0.02040000,0.01942000,0.01988000,574530286.00000000,1636675199999,11508978.39505000,39468,288177088.00000000,5773737.04236000,0
2021-11-12,0.01987000,0.01995000,0.01893000,0.01972000,775549149.00000000,1636761599999,15114168.22161000,39596,393256962.00000000,7659336.05991000,0
2021-11-13,0.01972000,0.02016000,0.01938000,0.01990000,547580415.00000000,1636847999999,10822826.13020000,32290,290779578.00000000,5746277.04851000,0
2021-11-14,0.01990000,0.02012000,0.01920000,0.01979000,380786505.00000000,1636934399999,7509504.98653000,23888,198965725.00000000,3923945.57543000,0
2021-11-15,0.01978000,0.02026000,0.01960000,0.01990000,638823244.00000000,1637020799999,12739547.65139000,36891,336494864.00000000,6711750.60635000,0
2021-11-16,0.01990000,0.01991000,0.01756000,0.01855000,874217886.00000000,1637107199999,16295376.96941000,54203,430468023.00000000,8023005.75757000,0
2021-11-17,0.01853000,0.02010000,0.01839000,0.01977000,735709651.00000000,1637193599999,14203048.41679000,48681,408060445.00000000,7884299.94536000,0
2021-11-18,0.01979000,0.02196000,0.01850000,0.01878000,2075767886.00000000,1637279999999,42382587.56237000,132006,1084668620.00000000,22173527.78027000,0
2021-11-19,0.01880000,0.02068000,0.01816000,0.02067000,751660172.00000000,1637366399999,14694643.63423000,45838,404159560.00000000,7909016.20703000,0
2021-11-20,0.02065000,0.02175000,0.02003000,0.02163000,818461132.00000000,1637452799999,17172573.81448000,65283,441189992.00000000,9269245.52831000,0
2021-11-21,0.02163000,0.02295000,0.02063000,0.02210000,1145095975.00000000,1637539199999,25069047.17092000,73298,591494610.00000000,12971295.74714000,0
2021-11-22,0.02211000,0.02228000,0.02017000,0.02065000,898553476.00000000,1637625599999,18837018.57891000,54881,446749848.00000000,9363724.75967000,0
2021-11-23,0.02064000,0.02098000,0.01947000,0.02029000,665336374.00000000,1637711999999,13418920.93302000,52966,324271973.00000000,6544777.35994000,0
2021-11-24,0.02027000,0.02066000,0.01903000,0.01997000,748987593.00000000,1637798399999,14768106.38397000,57848,376155131.00000000,7419460.22756000,0
2021-11-25,0.01998000,0.02237000,0.01967000,0.02210000,1090955990.00000000,1637884799999,22836186.82033000,66177,578325594.00000000,12106172.04228000,0
2021-11-26,0.02207000,0.02649000,0.02136000,0.02649000,5906791393.00000000,1637971199999,141238676.70800000,379947,3027369112.00000000,72441879.78047000,0
2021-11-27,0.02641000,0.03000000,0.02434000,0.02641000,4555772246.00000000,1638057599999,121991592.78369100,318093,2269530170.00000000,60805019.88164100,0
2021-11-28,0.02641000,0.02790000,0.02239000,0.02465000,2095943530.00000000,1638143999999,51702516.11921000,147124,1047578695.00000000,25853570.36815000,0
2021-11-29,0.02465000,0.02673000,0.02455000,0.02589000,1371795958.00000000,1638230399999,35099414.35894000,95545,692924792.00000000,17727491.87604000,0
2021-11-30,0.02590000,0.02599000,0.02319000,0.02340000,921169634.00000000,1638316799999,22190052.57947000,60079,451317178.00000000,10871927.78391000,0
2021-12-01,0.02340000,0.02357000,0.02254000,0.02273000,666748927.00000000,1638403199999,15399559.06645000,48734,334792480.00000000,7731972.41107000,0
2021-12-02,0.02272000,0.02410000,0.02180000,0.02405000,951595315.00000000,1638489599999,22029464.56919000,74645,473200462.00000000,10964741.87832000,0
2021-12-03,0.02404000,0.02429000,0.02050000,0.02105000,736823315.00000000,1638575999999,16530385.38898000,55359,364050304.00000000,8166040.21301000,0
2021-12-04,0.02104000,0.02105000,0.01400000,0.01785000,2061271245.00000000,1638662399999,35461080.86819000,119790,1001821552.00000000,17165224.77220000,0
2021-12-05,0.01786000,0.01883000,0.01624000,0.01705000,805118475.00000000,1638748799999,14166547.02512000,46990,404034906.00000000,7117493.91456000,0
2021-12-06,0.01706000,0.01790000,0.01511000,0.01738000,907583332.00000000,1638835199999,14884004.00352000,47753,453136635.00000000,7444679.06951000,0
2021-12-07,0.01738000,0.01846000,0.01734000,0.01792000,690350418.00000000,1638921599999,12392245.85381000,40472,353085615.00000000,6337993.61459000,0
2021-12-08,0.01792000,0.01838000,0.01686000,0.01821000,488588693.00000000,1639007999999,8697685.12902000,29946,258484896.00000000,4605437.70653000,0
2021-12-09,0.01824000,0.01837000,0.01616000,0.01623000,387784162.00000000,1639094399999,6652982.22699000,25127,189869305.00000000,3257634.11605000,0
2021-12-10,0.01620000,0.01714000,0.01580000,0.01605000,684597445.00000000,1639180799999,11318935.11548000,30313,378184549.00000000,6258557.09767000,0
2021-12-11,0.01605000,0.01667000,0.01563000,0.01642000,138918211.00000000,1639267199999,2248553.74386000,7356,74585102.00000000,1205744.97019000,0
